Naam,Gemeente,Postcode,Startdatum,Einddatum
Grote Kermis,'s-Gravenwezel,2970,2026-08-15,2026-08-18
Kermis Aaigem,Aaigem,9551,2026-09-13,2026-09-14
Septemberkermis,Aalter,9880,2026-09-19,2026-09-27
Grote Kermis,Aarschot,3200,2026-08-22,2026-08-31
Novemberkermis,Aarsele,8720,2026-11-07,2026-11-09
Grote kermis,Aartselaar,2630,2026-08-22,2026-08-30
Heikens (jaarmarkt)kermis,Aartselaar,2630,2026-10-22,2026-10-26
Kermis Achel,Achel,3930,2026-08-02,2026-08-04
Oktoberkermis,Achel,3930,2026-10-11,2026-10-13
Aldeneiker Kermis,Aldeneik,3680,2026-09-11,2026-09-13
Augustuskermis,Alken,3570,2026-08-29,2026-08-31
Kermis Alsemberg,Alsemberg,1652,2026-10-02,2026-10-05
Fêtes de Wallonie,Andenne,5300,2026-09-25,2026-09-30
Zomerkermis,Antwerpen,2140,2026-07-01,2026-08-31
Augustusfoor,Antwerpen,2020,2026-08-01,2026-08-16
Najaarsfoor,Antwerpen,2140,2026-10-03,2026-10-18
Najaarsfoor,Antwerpen,2140,2026-11-21,2026-12-13
Winterkermis,Antwerpen,2140,2026-12-04,2026-12-31
Zomerfoor,Antwerpen-Berendrecht,2040,2026-08-29,2026-09-01
Gitschotelwijkfoor,Antwerpen-Borgerhout,2140,2026-08-15,2026-08-24
Reuzenstoetfoor,Antwerpen-Borgerhout,2140,2026-09-26,2026-09-26
Kermis Anzegem,Anzegem,8570,2026-09-04,2026-09-07
Oktoberkermis,Appelterre,9401,2026-10-03,2026-10-06
Kermis Ardooie,Ardooie,8850,2026-10-10,2026-10-12
Voorheidekermis,Arendonk,2370,2026-08-01,2026-08-05
Septemberkermis,Arendonk,2370,2026-09-05,2026-09-09
Carnaval d'Arquennes,Arquennes,7181,2026-08-28,2026-08-31
Kermis Asse,Asse,1730,2026-09-19,2026-09-21
Winterkermis & Jaarmarkt,Assenede,9960,2026-10-17,2026-10-20
Oktoberkermis,Astene,9800,2026-10-17,2026-10-19
Ducasse d'Ath,Ath,7803,2026-08-21,2026-08-31
Fête d'Auvelais,Auvelais,5060,2026-07-31,2026-08-04
La Braderie Avelgem,Avelgem,8580,2026-08-29,2026-08-30
Novemberkermis,Avelgem,8580,2026-11-06,2026-11-08
Septemberkermis,Baal,3128,2026-09-27,2026-09-29
Faubourgkermis,Baardegem,9310,2026-08-21,2026-08-25
Scheldefeesten,Baasrode,9255,2026-09-18,2026-09-22
Leerne Kermis,Bachte-Maria-Leerne,9831,2026-08-21,2026-08-24
Kermis Balen-Rosselaar,Balen-Rosselaar,2490,2026-12-12,2026-12-15
Congokermis,Balen-Wezel,2490,2026-10-11,2026-10-13
Kermis Barvaux,Barvaux,6941,2026-08-22,2026-08-30
Zomerkermis & Jaarmarkt,Bassevelde,9968,2026-09-05,2026-09-08
Kermesse de Bastogne,Bastogne,6600,2026-07-25,2026-08-04
Kermis Battel,Battel,2800,2026-08-08,2026-08-10
Fête à Battice,Battice,4650,2026-09-12,2026-09-13
Septemberkermis,Bazel,9150,2026-09-12,2026-09-14
Rozenfeesten,Beernem,8730,2026-09-25,2026-09-27
Kermis Beerse,Beerse,2340,2026-09-19,2026-09-27
Kermis Beersel,Beersel,1650,2026-09-18,2026-09-22
Septemberkermis,Beervelde,9080,2026-09-26,2026-09-28
Herfstkermis,Beerzel,2580,2026-10-03,2026-10-05
Truckshow,Bekkevoort,3460,2026-08-07,2026-08-09
Kermis Bekkevoort,Bekkevoort,3460,2026-09-12,2026-09-14
Augustuskermis,Bellem,9881,2026-08-14,2026-08-16
Oktoberkermis,Bellem,9881,2026-10-23,2026-10-25
Novemberfoor,Belsele Sint-Niklaas,9111,2026-11-07,2026-11-11
Belzele Feest,Belzele,9921,2026-09-18,2026-09-21
Kermis Berg-Kampenhout,Berg-Kampenhout,1910,2026-08-22,2026-08-24
Kermis Beringen,Beringen,3580,2026-09-26,2026-09-28
Kermis Beringen-Stal,Beringen-Stal,3581,2026-10-11,2026-10-12
Septemberkermis,Berlaar,2590,2026-09-05,2026-09-08
Septemberkermis,Berlare,9290,2026-09-26,2026-10-04
Waterfeesten,Berlare-Donk,9290,2026-07-31,2026-08-02
Ducasse de Bersillies-l'Abbaye,Bersillies-l'Abbaye,6560,2026-07-31,2026-08-04
Kermis Bertem,Bertem,3060,2026-08-01,2026-08-02
Kermis Beveren-Roeselare,Beveren-Roeselare,8800,2026-08-07,2026-08-09
Beverse Feesten,Beveren-Waas,9120,2026-08-26,2026-08-30
Oktoberkermis,Beveren-Waas,9120,2026-10-17,2026-10-25
Kermis Beveren-Waregem,Beveren-Waregem,8791,2026-09-03,2026-09-07
Kermis Beverlo,Beverlo,3581,2026-08-15,2026-08-16
Kermis Bierbeek-Bremt,Bierbeek-Bremt,3370,2026-08-01,2026-08-09
Kermis Bilzen,Bilzen,3740,2026-10-03,2026-10-07
Kermis Bilzen-Rijkhoven,Bilzen-Rijkhoven,3742,2026-09-13,2026-09-14
Kermis Bilzen-Spurk,Bilzen-Spurk,3740,2026-07-31,2026-08-03
Kermis Bilzen-Waltwilder,Bilzen-Waltwilder,3746,2026-09-27,2026-09-28
Bisseghem Kermesse,Bissegem,8501,2026-09-25,2026-09-28
Halloweenkermis,Blankenberge,8370,2026-10-31,2026-11-08
Polderkermis,Blankenberge-Uitkerke,8370,2026-09-05,2026-09-07
Grote Kermis,Bocholt,3950,2026-08-09,2026-08-11
Jaarmarktkermis,Boechout,2530,2026-10-04,2026-10-06
Gîrnaertfeesten,Boekhoute,9961,2026-09-16,2026-09-20
Septemberkermis,Bonheiden,2820,2026-09-19,2026-09-21
Jaarmarktkermis,Bonheiden,2820,2026-11-07,2026-11-09
Stationskermis,Booischot-Station,2221,2026-08-01,2026-08-04
Braderiekermis,Boom,2850,2026-09-04,2026-09-06
Centrumkermis,Borgloon,3840,2026-10-03,2026-10-05
Grote Kermis,Bornem,2880,2026-10-03,2026-10-07
Augustuskermis,Borsbeke,9552,2026-08-30,2026-08-31
Boskantkermis,Boskant-Leopoldsburg,3581,2026-09-25,2026-09-28
Augustuskermis,Bottelare,9820,2026-08-08,2026-08-09
Winterkermis WNTR Brasschaat,Brasschaat,2930,2026-11-20,2026-12-31
Kermis Brasschaat-Bethanië,Brasschaat-Bethanië,2930,2026-08-01,2026-08-03
Overbroekkermis,Brecht,2960,2026-09-20,2026-09-21
Biestkermis,Brecht,2960,2026-10-18,2026-10-19
Oktoberkermis,Bree,3960,2026-10-03,2026-10-05
Jaarmarktkermis,Breendonk,2870,2026-10-10,2026-10-12
Kermis Broechem,Broechem,2520,2026-09-12,2026-09-14
Sint-Michielsfoor,Brugge,8200,2026-09-05,2026-09-06
Zwankendammekermis,Brugge,8380,2026-10-10,2026-10-11
Winterfoor Jan van Eyckplein,Brugge,8000,2026-10-31,2026-12-20
Winterfoor 't Zand,Brugge,8000,2026-10-31,2026-11-08
Kermis Brugge-Assebroek,Brugge-Assebroek,8310,2026-09-04,2026-09-09
Zuidfoor Foire du Midi,Brussel,1060,2026-07-18,2026-08-23
Maria-Christinawijkkermis,Brussel (Bruxelles),1090,2026-08-25,2026-09-23
Brustem Bruist,Brustem,3800,2026-08-08,2026-08-10
Kermis Burenville,Burenville,4420,2026-07-31,2026-08-09
Kermis Chênée,Chênée,4032,2026-09-18,2026-09-27
Kermesse de Ciney,Ciney,5363,2026-08-19,2026-09-01
Fête à Comblain-la-Tour,Comblain-la-Tour,4170,2026-09-04,2026-09-07
Kermis Dadizele,Dadizele,8940,2026-09-12,2026-09-14
Zomerkermis,De Haan,8421,2026-08-21,2026-08-30
Augustuskermis,De Klinge,9170,2026-08-15,2026-08-16
Kermis De Pinte,De Pinte,9831,2026-09-12,2026-09-16
Belgiek Kermis,Deerlijk,8540,2026-10-10,2026-10-14
Zomerfoor,Deinze,9800,2026-07-24,2026-08-02
Balloonmeeting,Deinze,9800,2026-08-15,2026-08-16
Kapellenstraatkermis,Denderbelle,9280,2026-08-14,2026-08-18
Grote Kermis,Denderhoutem,9450,2026-09-06,2026-09-07
Augustuskermis,Denderleeuw,9470,2026-08-29,2026-08-31
Keurkermis,Dendermonde,9200,2026-07-31,2026-08-02
Grote Kermis,Dendermonde,9200,2026-08-21,2026-08-27
Jaarmarktkermis,Dendermonde,9200,2026-10-17,2026-10-19
Boonwijkkermis,Dendermonde-Boonwijk,9200,2026-07-31,2026-08-03
Kermis Denderwindeke,Denderwindeke,9400,2026-09-05,2026-09-07
Kermis Destelbergen,Destelbergen,9040,2026-08-21,2026-08-26
Bevrijdingskermis,Deurne,2100,2026-09-05,2026-09-06
Najaarsfoor,Deurne,2100,2026-10-31,2026-11-11
Kermis Deurne,Deurne,3980,2026-11-07,2026-11-09
Septemberkermis,Diegem,1934,2026-09-12,2026-09-15
Jaarmarktkermis,Dilbeek,1700,2026-10-02,2026-10-05
Winterkermis,Dilsen,3650,2026-11-14,2026-11-18
Septemberkermis,Donk,9290,2026-09-12,2026-09-14
Kermis Donk,Donk,3545,2026-10-03,2026-10-05
Kermis Doornzele,Doornzele,9075,2026-09-04,2026-09-07
Winterkermis,Drogenbos,1620,2026-10-23,2026-10-26
Kermis Dudzele,Dudzele,8301,2026-07-31,2026-08-05
Jaarmarktkermis,Duffel,2570,2026-10-17,2026-10-19
Winterkermis,Duisburg,3080,2026-11-28,2026-11-30
Jaarmarktkermis,Dworp,1653,2026-10-17,2026-10-20
Septemberkermis,Edegem,2650,2026-09-04,2026-09-08
Kermis Edewalle,Edewalle,8610,2026-08-15,2026-08-20
Winterkermis,Eeklo,9900,2026-10-17,2026-10-19
Septemberkermis,Eernegem,8480,2026-09-18,2026-09-23
Kleine Kermis,Eigenbilzen,3746,2026-10-18,2026-10-19
Najaarskermis,Eindhout,2430,2026-10-11,2026-10-12
Kermis Eine,Eine,9700,2026-09-18,2026-09-20
Septemberkermis,Eke,9810,2026-09-05,2026-09-07
Septemberfoor,Ekeren,2180,2026-09-19,2026-09-22
Gezôarde Septemberkermis,Eksaarde,9180,2026-09-18,2026-09-20
Feeste t’ Ename,Ename,9700,2026-08-07,2026-08-10
Kermis Engsbergen,Engsbergen,3294,2026-11-14,2026-11-16
Kermesse Ensival,Ensival,4800,2026-08-08,2026-08-11
Zomerkermis,Erondegem,9340,2026-07-31,2026-08-04
Zomerkermis,Erpe,9420,2026-09-04,2026-09-07
Kermis Erps-Kwerps,Erps-Kwerps,3071,2026-09-19,2026-09-21
Kermis Esen,Esen,8600,2026-08-23,2026-08-25
Kermis Essen-Hoek,Essen-Hoek,2910,2026-08-05,2026-08-06
Kermis Essen-Horendonk,Essen-Horendonk,2910,2026-09-20,2026-09-22
Kermis Essen-Wildert,Essen-Wildert,2910,2026-10-18,2026-10-25
Kermis Ettelgem,Ettelgem,8460,2026-09-26,2026-09-27
Winterkermis,Everberg,3070,2026-11-07,2026-11-09
Kermesse du Petit Moulin,Feluy,7181,2026-07-31,2026-08-02
Fête foraine de Florenville,Florenville (Floravile),6820,2026-09-11,2026-09-14
Kermis Galmaarden,Galmaarden,1570,2026-10-02,2026-10-05
Jaarmarktkermis,Gavere,9890,2026-11-14,2026-11-16
Soldatenkermis,Geel,2440,2026-11-11,2026-11-16
Belkermis,Geel-Bel,2450,2026-09-13,2026-09-14
Oosterlokermis,Geel-Oosterlo,2431,2026-08-30,2026-08-31
Stelenkermis,Geel-Stelen,2440,2026-09-26,2026-09-28
Ten Aard Kermis,Geel-Ten Aard,2440,2026-10-11,2026-10-12
Zammelkermis,Geel-Zammel,2260,2026-08-15,2026-08-17
Kermis Geetbets,Geetbets,3450,2026-08-14,2026-08-19
Dorpskermis,Gelrode,3111,2026-07-31,2026-08-03
Oktoberkermis,Geluwe,8940,2026-10-10,2026-10-12
Herenstraatkermis,Genk,3600,2026-07-31,2026-08-03
Winterkermis,Genk,3600,2026-11-07,2026-11-09
Kermis Genk-Driehoeven,Genk-Driehoeven,3600,2026-08-07,2026-08-09
Dekenij de 3 Gemeenten Kermis,Gentbrugge,9050,2026-07-31,2026-08-03
Dekenij Moscou,Gentbrugge,9050,2026-09-04,2026-09-07
Zomerkermis,Geraardsbergen,9500,2026-08-28,2026-09-09
Septemberkermis,Gierle,2275,2026-09-13,2026-09-15
Braderie Gilly,Gilly,6240,2026-10-02,2026-10-05
Kermis Gingelom,Gingelom,3891,2026-11-08,2026-11-09
Kermis Gits,Gits,8830,2026-09-11,2026-09-14
Septemberkermis,Gooik,1755,2026-09-25,2026-09-28
Halfoogst Prochekermis,Grembergen,9200,2026-08-14,2026-08-18
Septemberkermis,Grembergen,9200,2026-09-11,2026-09-15
Jaarmarktkermis,Grimbergen,1850,2026-09-05,2026-09-07
Kermis Groot-Bijgaarden,Groot-Bijgaarden,1702,2026-08-28,2026-08-31
Kermis Grootlo,Grootlo,2223,2026-08-15,2026-08-18
Kermis Grote-Spouwen,Grote-Spouwen,3742,2026-10-11,2026-10-12
Najaarskermis,Gruitrode,3670,2026-10-18,2026-10-19
Septemberkermis,Gullegem,8501,2026-09-19,2026-09-22
Oktoberkermis,Haacht,3150,2026-10-03,2026-10-06
Grote Kermis,Haaltert,9451,2026-08-22,2026-08-27
Jaarmarkt,Haaltert,9451,2026-10-22,2026-10-25
Grote Kermis,Haasdonk,9120,2026-08-15,2026-08-19
Fête aux Rouges de Haccourt,Haccourt,4684,2026-08-14,2026-08-19
Augustuskermis,Halen,3545,2026-08-01,2026-08-06
Septemberkermis,Halle,1500,2026-09-05,2026-09-06
Kleine Kermis,Hamme,9220,2026-08-01,2026-08-04
Grote Kermis,Hamme,9220,2026-09-19,2026-09-22
Oktoberkermis,Hamont,3930,2026-10-24,2026-10-27
Kermis Handzame,Handzame,8610,2026-09-11,2026-09-16
Oktoberkermis,Hansbeke,9850,2026-10-10,2026-10-12
Stadsfestival Harelbeke,Harelbeke,8530,2026-09-18,2026-09-20
Septemberkermis,Hasselt,3500,2026-09-19,2026-09-27
Winterland Hasselt,Hasselt,3500,2026-11-13,2026-12-31
Banneux Kermis,Hasselt-Banneux,3500,2026-08-08,2026-08-11
Septemberkermis,Hechtel,3940,2026-09-26,2026-09-28
Oktoberkermis,Hechtel-Eksel,3941,2026-10-17,2026-10-19
Kermis Hees,Hees,3770,2026-11-14,2026-11-15
Kermis Heffen,Heffen,2801,2026-08-22,2026-08-24
Kermis Heist-Goor,Heist-Goor,2220,2026-10-10,2026-10-12
Heist-Statie Feest,Heist-op-den-Berg,2220,2026-08-08,2026-08-09
Herfstfestival,Heist-op-den-Berg,2220,2026-09-19,2026-09-20
Bleregemkermis,Hekelgem,1790,2026-08-01,2026-08-02
Kermis Helchteren,Helchteren,3530,2026-09-12,2026-09-14
Kermis Heppen,Heppen,3971,2026-10-03,2026-10-05
Kermis Herderen,Herderen,3770,2026-11-08,2026-11-09
Septemberkermis,Herdersem,9308,2026-09-04,2026-09-07
Wijkfeest Molekens Kermis,Herentals,2200,2026-08-15,2026-08-16
Septemberkermis,Herentals,2200,2026-09-04,2026-09-09
Braderijkermis,Herenthout,2270,2026-08-21,2026-08-25
Kermis Herk-de-Stad,Herk-de-Stad,3545,2026-08-08,2026-08-10
Septemberkermis,Herne,1540,2026-09-25,2026-09-28
Septemberkermis,Herselt,2230,2026-09-19,2026-09-22
Hertsbergse Feesten,Hertsberge,8750,2026-08-28,2026-08-30
Statiekermis,Herzele,9552,2026-08-08,2026-08-10
Jaarmarktkermis,Herzele,9551,2026-10-09,2026-10-14
Tinekesfeesten,Heule,8501,2026-09-10,2026-09-13
Septemberkermis,Heultje,2235,2026-09-13,2026-09-15
Kermis Heusden-Zolder,Heusden-Zolder,3550,2026-09-05,2026-09-07
Augustuskermis,Hillegem,9520,2026-08-30,2026-08-31
Septemberfoor,Hoboken,2660,2026-09-12,2026-09-21
Druivenkermis,Hoeilaart,1560,2026-09-18,2026-09-22
Winterkermis,Hoeilaart,1560,2026-11-20,2026-11-29
Oktoberkermis,Hoeselt,3730,2026-10-16,2026-10-19
Kermis Hoevenen,Hoevenen,2180,2026-09-12,2026-09-15
Grote Kermis,Hofstade-Aalst,9308,2026-08-14,2026-08-20
Kermis Holsbeek,Holsbeek,3220,2026-09-11,2026-09-13
Kermis Hombeek Heike,Hombeek,2811,2026-08-08,2026-08-10
Winterkermis,Hombeek,2800,2026-11-14,2026-11-16
Kermesse à Bouboule,Hornu,7301,2026-08-28,2026-08-30
Kermesse Hotton,Hotton,6990,2026-07-31,2026-08-05
Kermis Houthalen,Houthalen,3530,2026-09-26,2026-09-28
Septemberkermis,Houthulst,8650,2026-09-18,2026-09-20
Halfoogstfeesten,Huldenberg,3040,2026-08-07,2026-08-15
Kermis Hulshout,Hulshout,2235,2026-09-05,2026-09-08
Kermis Hulste,Hulste,8531,2026-09-04,2026-09-08
Festivités du XV août,Huy,4500,2026-08-07,2026-08-23
Sint-Michielskermis,Ichtegem,8680,2026-10-02,2026-10-04
Kermis Idegem,Idegem,9506,2026-07-31,2026-08-02
Thuyndagfoor,Ieper,8900,2026-07-31,2026-08-10
Septemberkermis,Ingelmunster,8770,2026-09-26,2026-09-28
Kermis Itegem,Itegem,2222,2026-09-27,2026-09-29
Septemberkermis,Izegem,8870,2026-09-04,2026-09-13
Augustuskermis,Jabbeke,8490,2026-08-28,2026-08-30
Jaarmarktkermis,Jette,1090,2026-08-28,2026-08-31
Kermis Kalfort,Kalfort,2870,2026-08-22,2026-08-30
Kalkenkermis,Kalken,9290,2026-09-19,2026-09-22
Grote Kermis,Kallo,2070,2026-09-12,2026-09-16
Kermis Kalmthout-Heide,Kalmthout-Heide,2950,2026-09-19,2026-09-21
Kermis Kampenhout,Kampenhout,1910,2026-09-12,2026-09-14
Kermis Kanne,Kanne,3770,2026-10-25,2026-10-26
Septemberkermis,Kapelle-op-den-Bos,1880,2026-09-13,2026-09-16
Augustuskermis,Kaprijke,9970,2026-08-21,2026-08-24
Septemberkermis,Kasterlee,2460,2026-09-26,2026-09-28
Kleine Kermis,Kaulille,3950,2026-09-20,2026-09-21
Septemberkermis,Keerbergen,3140,2026-09-26,2026-09-29
Kelmiser Kirmes,Kelmis (La Calamine),4720,2026-09-11,2026-09-15
Septemberkermis,Kemmel,8956,2026-09-04,2026-09-12
Septemberkermis,Kemzeke,9170,2026-09-26,2026-09-28
Kerkbrugge Kermis,Kerkbrugge,9075,2026-10-09,2026-10-12
Kermis Kerkom,Kerkom,3891,2026-09-25,2026-09-28
Grote Kermis,Kerksken,9451,2026-09-25,2026-09-28
Jaarmarktkermis,Kieldrecht,9130,2026-09-26,2026-09-30
Kermis Kinrooi,Kinrooi,3640,2026-09-05,2026-09-07
Kermis Kleine-Spouwen,Kleine-Spouwen,3742,2026-09-18,2026-09-21
Oktoberkermis,Knesselare,9910,2026-10-03,2026-10-06
Septemberkermis,Koekelare,8680,2026-09-04,2026-09-07
Kermis Koersel,Koersel,3582,2026-10-17,2026-10-19
Septemberkermis,Kontich,2550,2026-09-25,2026-09-28
Kermis Kortemark,Kortemark,8610,2026-08-29,2026-09-06
Kermis Kortenberg,Kortenberg,3070,2026-10-03,2026-10-05
Kermis Kortessem,Kortessem,3720,2026-09-05,2026-09-07
Kermis Kotem,Kotem,3631,2026-08-15,2026-08-17
Kermis Kozen,Kozen,3850,2026-08-09,2026-08-12
Kermis Krokegem,Krokegem,1730,2026-10-10,2026-10-12
Septemberkermis,Kruibeke,2660,2026-09-26,2026-09-28
Ezelsfeesten,Kuurne,8520,2026-10-02,2026-10-05
Kermesse de Lambermont,Lambermont,4800,2026-08-21,2026-08-25
Augustuskermis,Lanaken,3620,2026-08-15,2026-08-18
Kermis Lanaken,Lanaken,3620,2026-10-23,2026-10-26
Septemberkermis,Landegem,9850,2026-09-18,2026-09-21
Kermes Stoase,Landen,3404,2026-08-07,2026-08-16
Kermis Langelede,Langelede,9185,2026-09-04,2026-09-07
Oktoberkermis,Lauwe,8511,2026-10-03,2026-10-05
Stationskermis,Lebbeke,9280,2026-08-07,2026-08-15
Septemberkermis,Lebbeke,9280,2026-09-11,2026-09-15
Septemberkermis,Lede,9340,2026-09-25,2026-09-29
Ledebergse Feesten,Ledeberg,9050,2026-08-21,2026-08-24
Kermis Leefdaal,Leefdaal,3061,2026-09-19,2026-09-20
Kermis Leerbeek,Leerbeek,1755,2026-09-11,2026-09-14
Jaarmarktkermis,Lembeek,1502,2026-10-17,2026-10-21
Speculoosfeesten,Lembeke,9971,2026-09-17,2026-09-21
Augustuskermis,Lendelede,8860,2026-08-21,2026-08-25
Zomerkermis,Lennik,1750,2026-08-14,2026-08-18
Jaarmarktkermis,Lennik,1750,2026-11-21,2026-11-23
Oktoberkermis,Leopoldsburg,3970,2026-10-10,2026-10-14
Septemberkermis,Leuven,3000,2026-09-04,2026-09-23
Kermis Lichtaart,Lichtaart,2460,2026-09-19,2026-09-21
Septemberkermis,Lichtervelde,8810,2026-09-25,2026-09-30
Kermis Opperstraat,Liedekerke,1770,2026-10-02,2026-10-05
Schipkenskermis,Lier,2500,2026-08-08,2026-08-18
Novemberfoor,Lier,2500,2026-11-05,2026-11-22
Jaarmarktkermis,Liezele,2870,2026-10-03,2026-10-04
Achterstenhoekkermis,Lille,2275,2026-10-10,2026-10-11
Kermis Lindelhoeven,Lindelhoeven,3900,2026-08-16,2026-08-18
Kermis Linkhout,Linkhout,3545,2026-09-12,2026-09-14
Septemberkermis,Lint,2547,2026-09-11,2026-09-15
Oktoberkermis,Lippelo,2890,2026-10-17,2026-10-19
Koude Kermis,Lochristi,9080,2026-10-02,2026-10-05
Bloemencorso,Loenhout,2990,2026-09-12,2026-09-14
Lokerse Feesten,Lokeren,9160,2026-07-31,2026-08-09
Herfstkermis,Lokeren,9160,2026-10-31,2026-11-08
Septemberkermis,Loksbergen,3545,2026-09-21,2026-09-24
Centrumkermis,Lommel,3920,2026-08-22,2026-08-27
Kermis Lommel-Heeserbergen,Lommel-Heeserbergen,3920,2026-09-20,2026-09-22
Kermis Lommel-Kattenbos,Lommel-Kattenbos,3920,2026-08-02,2026-08-04
Kermis Lommel-Kolonie,Lommel-Kolonie,3910,2026-10-11,2026-10-13
Kermis Lommel-Stevensvennen,Lommel-Stevensvennen,3920,2026-10-04,2026-10-06
Kermis Lommel-Werkplaatsen,Lommel-Werkplaatsen,3920,2026-08-09,2026-08-11
Septemberkermis,Londerzeel,1840,2026-09-26,2026-09-28
Kermis Loppem,Loppem,8020,2026-08-28,2026-08-31
Jaarmarktkermis,Lot,1651,2026-09-27,2026-09-29
Oktoberkermis,Lotenhulle,9850,2026-10-02,2026-10-07
Kermis Lovendegem,Lovendegem,9920,2026-08-07,2026-08-10
Ducasse Nell,Lowingen (Luingne),7700,2026-10-17,2026-10-21
Foire du 15 Août,Luik (Liège),4000,2026-08-07,2026-08-16
Foire de Liège,Luik (Liège),4000,2026-10-03,2026-11-11
Halfoogstkermis,Lummen,3560,2026-08-15,2026-08-17
Kermis Lummen,Lummen,3560,2026-10-03,2026-10-05
Oktoberkermis,Maasmechelen,3630,2026-10-17,2026-10-20
Septemberkermis,Maldegem,9990,2026-09-18,2026-09-25
Winterkermis,Maldegem-Kleit,9990,2026-11-13,2026-11-15
Oktoberkermis,Malderen,1840,2026-10-10,2026-10-12
Kermesse de Marbisoux,Marbisoux,1495,2026-08-14,2026-08-17
Fêtes de la Cité Jardin Matadi,Marchienne-au-Pont,6032,2026-08-14,2026-08-18
Kermis Maria-ter-Heide,Maria-ter-Heide,2930,2026-08-08,2026-08-11
Septemberkermis,Marke,8500,2026-09-04,2026-09-06
Kermis Martenslinde,Martenslinde,3742,2026-11-07,2026-11-09
Jaarmarktkermis,Massenhoven,2520,2026-10-04,2026-10-06
Kermis Mazenzele,Mazenzele,1745,2026-08-01,2026-08-03
Herfstkermis,Mechelen,2800,2026-10-02,2026-10-18
Kermis Meer,Meer,2321,2026-10-03,2026-10-05
Najaarskermis,Meerbeek,3078,2026-10-10,2026-10-12
Septemberkermis,Meerdonk,9170,2026-09-19,2026-09-23
Kermis Meerhout,Meerhout,2450,2026-09-19,2026-09-21
Septemberkermis,Meerle,2328,2026-09-13,2026-09-15
Oktoberkermis,Meeuwen,3990,2026-10-11,2026-10-15
Kermis Meise,Meise,1860,2026-10-03,2026-10-04
Kermis Melsbroek,Melsbroek,1830,2026-11-07,2026-11-11
Grote kermis,Melsele,2070,2026-09-05,2026-09-09
Kermis Membruggen,Membruggen,3742,2026-11-08,2026-11-09
Sint-Lukaskermis,Menen,8930,2026-10-17,2026-10-19
Augustuskermis,Mere,9420,2026-08-14,2026-08-20
Oktoberkermis,Mere,9420,2026-10-04,2026-10-05
Jaarmarktkermis,Merelbeke,9820,2026-09-11,2026-09-15
Zomerkermis,Merendree,9920,2026-08-22,2026-08-25
Kermis Merkem,Merkem,8650,2026-10-02,2026-10-05
Grote Foor,Merksem,2170,2026-08-29,2026-09-02
Tuinwijkfoor,Merksem-Tuinwijk,2170,2026-07-31,2026-08-04
Kermis Merksplas,Merksplas,2330,2026-10-03,2026-10-11
Grote Kermis,Meulebeke,8760,2026-09-18,2026-09-20
Kermis Middelkerke,Middelkerke,8430,2026-08-01,2026-08-10
Grote Kermis,Millen,4690,2026-10-04,2026-10-05
Kermis Minderhout,Minderhout,2322,2026-09-05,2026-09-07
Kermesse Moen,Moen,8552,2026-09-11,2026-09-13
Centerkermis,Moerbeke,9180,2026-08-21,2026-08-24
Kermis Moerkerke,Moerkerke,8340,2026-10-09,2026-10-12
Grote kermis,Moerzeke,9220,2026-09-05,2026-09-08
Kermis Mol-Millegem,Mol-Millegem,2400,2026-10-24,2026-10-27
Kermis Mol-Sluis,Mol-Sluis,2400,2026-08-22,2026-08-25
Muggenbergkermis,Molenbeek,3461,2026-09-03,2026-09-06
Kermis Molenbeersel,Molenbeersel,3640,2026-08-29,2026-08-31
Kermis Montenaken,Montenaken,3401,2026-09-11,2026-09-13
Kermesse Montzen,Montzen,4850,2026-08-01,2026-08-04
Septemberkermis,Moorsele,8560,2026-09-26,2026-09-28
Kermis Moorslede,Moorslede,8890,2026-08-15,2026-08-17
Septemberkermis,Moorslede,8890,2026-09-25,2026-09-28
Kermis Mopertingen,Mopertingen,3746,2026-11-22,2026-11-23
Jaarmarktkermis,Mortsel,2640,2026-09-18,2026-09-21
Kermis Muizen,Muizen,2812,2026-09-19,2026-09-21
Kermis Munsterbilzen,Munsterbilzen,3740,2026-09-06,2026-09-07
Septemberkermis,Nazareth,9810,2026-09-18,2026-09-21
Septemberkermis,Nederbrakel,9660,2026-09-11,2026-09-16
Kermis Nederhasselt,Nederhasselt,9400,2026-09-12,2026-09-13
Okkeziel Bruist,Nederokkerzeel,3071,2026-08-14,2026-08-16
Kermis Neerlinter,Neerlinter,3350,2026-08-02,2026-08-03
Oktoberkermis,Neerpelt,3910,2026-10-04,2026-10-06
Septemberkermis,Nevele,9850,2026-08-29,2026-08-31
Jaarmarktkermis,Niel,2845,2026-11-07,2026-11-16
Kermis Nieuwerkerken,Nieuwerkerken,9420,2026-09-18,2026-09-24
Kermis Nieuwkerke-Heuvelland,Nieuwkerke-Heuvelland,8950,2026-08-21,2026-08-26
Septemberkermis,Nieuwkerken-Waas (Nieukerken-Waes),9100,2026-09-12,2026-09-15
Jaarmarktkermis,Nijlen,2560,2026-09-19,2026-09-22
Ducasse de Nimy,Nimy,7010,2026-09-25,2026-09-28
Rechteroeverfeesten,Ninove-Burchtdam,9401,2026-08-01,2026-08-03
Noirchain en fête,Noirchain,7024,2026-08-01,2026-08-03
Kermis Noorderwijk,Noorderwijk,2250,2026-10-04,2026-10-08
Septemberkermis,Oedelem,8730,2026-09-12,2026-09-15
Kermis Oevel,Oevel,2260,2026-10-04,2026-10-06
Kermis Okegem,Okegem,9472,2026-08-15,2026-08-17
Kermis Olen,Olen,2250,2026-08-14,2026-08-18
Jaarmarktkermis,Olen,2250,2026-11-15,2026-11-17
Septemberkermis,Olmen,2491,2026-09-13,2026-09-14
Novemberkermis,Olmen,2491,2026-11-08,2026-11-09
Septemberkermis,Olsene,9870,2026-09-26,2026-09-29
Waverkermis,Onze-Lieve-Vrouw-Waver,2861,2026-09-05,2026-09-07
Dorpskermis,Ooigem,8792,2026-08-28,2026-08-30
Grote Kermis,Oordegem,9520,2026-08-20,2026-08-25
Kermis Oostakker,Oostakker,9041,2026-08-29,2026-09-01
Oosteeklo Kirmesse,Oosteekloo,9971,2026-08-15,2026-08-18
Zomerkermis Strandplein,Oostende-Mariakerke,8400,2026-07-17,2026-08-16
Ham Feest,Oostham,3945,2026-09-19,2026-09-21
Kermis Oostkamp,Oostkamp,8020,2026-07-31,2026-08-02
Kermis Oostkamp,Oostkamp,8020,2026-10-03,2026-10-04
Augustuskermis,Oostmalle,2390,2026-08-07,2026-08-11
Oktoberkermis,Oostrozebeke,8780,2026-10-03,2026-10-05
Najaarskermis,Opglabbeek,3660,2026-09-26,2026-09-28
Kermis Ophasselt,Ophasselt,9500,2026-09-11,2026-09-13
Zomerkermis,Oppuurs,2890,2026-08-15,2026-08-16
Kermis Otegem,Otegem,8553,2026-09-04,2026-09-06
Zomerkermis,Ottergem,9420,2026-08-29,2026-08-30
Oktoberkermis,Oud-Turnhout,2360,2026-10-03,2026-10-06
Grote Kermis,Oudegem,9200,2026-09-05,2026-09-07
Septemberkermis,Oudenaarde,9700,2026-09-04,2026-09-13
Kermis Oudenburg-Westkerke,Oudenburg-Westkerke,8470,2026-09-11,2026-09-13
Augustuskermis,Ouwegem,9750,2026-08-29,2026-08-31
Druivenfeesten,Overijse,3090,2026-08-27,2026-09-09
Zomerkermis,Overmere,9290,2026-08-15,2026-08-18
Septemberkermis,Overpelt,3900,2026-09-13,2026-09-15
Kermis Paal,Paal,3583,2026-08-29,2026-08-31
St. Corneliuskermis,Passendale,8890,2026-09-19,2026-09-20
Kermis Peer,Peer,3990,2026-09-05,2026-09-07
Kermis Pepingen,Pepingen,1670,2026-08-15,2026-08-16
Kermis Pijpelheide,Pijpelheide,2221,2026-09-06,2026-09-08
Kermis Poederlee,Poederlee,2275,2026-09-19,2026-09-23
Poelfeesten,Poelkapelle,8920,2026-09-11,2026-09-15
Jaarmarktkermis,Pulderbos,2242,2026-08-16,2026-08-19
Kermis Pulle,Pulle,2243,2026-08-30,2026-08-31
Zomerkermis,Putte,2580,2026-08-29,2026-08-31
Zomerkermis,Putte-Grasheide,3140,2026-09-05,2026-09-07
Pukemakermis,Puurs,2870,2026-09-18,2026-09-20
Kermis Ranst,Ranst,2531,2026-08-28,2026-09-01
Kermis Rapertingen,Rapertingen,3501,2026-08-02,2026-08-03
Kermis Ravels,Ravels,2380,2026-09-06,2026-09-08
Augustuskermis,Rekem,3631,2026-08-01,2026-08-04
Paradijskermis,Rekkem,7700,2026-10-09,2026-10-12
Kermis Reppel,Reppel,3950,2026-09-27,2026-09-28
Septemberkermis,Ressegem,9551,2026-09-26,2026-09-28
Septemberkermis,Retie,2470,2026-09-13,2026-09-17
Kermis Riemst,Riemst,3770,2026-09-13,2026-09-14
Kermis Rijkevorsel,Rijkevorsel,2310,2026-08-29,2026-09-01
Jaarmarktkermis,Rijmenam,3190,2026-11-15,2026-11-16
Dorpskermis,Rillaar,3202,2026-09-19,2026-09-23
Kermis Rocourt,Rocourt,4451,2026-10-02,2026-10-11
Kermis Roeselare,Roeselare,8800,2026-08-21,2026-08-30
Kermis Rosmeer,Rosmeer,3746,2026-09-06,2026-09-07
Winterkermis,Rotem,3650,2026-11-07,2026-11-09
Septemberkermis,Rotselaar,3110,2026-09-25,2026-09-28
Kermis Ruddervoorde,Ruddervoorde,8020,2026-09-26,2026-09-27
Jaarmarktkermis,Ruisbroek (Ruysbroeck),2870,2026-11-28,2026-11-29
Grote Kermis,Ruiselede,8755,2026-08-14,2026-08-19
Kermis Rumbeke,Rumbeke,8800,2026-07-31,2026-08-02
Kermis Rummen,Rummen,3454,2026-08-29,2026-09-02
Jaarmarktkermis,Rumst,2801,2026-10-03,2026-10-04
Koukermis & Jaarmarkt,Rupelmonde,9150,2026-10-10,2026-10-12
Foire de la Braderie,Saint-Ghislain,7330,2026-07-31,2026-08-03
Fête à Saint-Remy,Saint-Remy,4672,2026-10-02,2026-10-06
Foire d'automne de Sambreville,Sambreville,5060,2026-11-06,2026-11-16
Jaarmarktkermis,Schelle,2627,2026-10-16,2026-10-18
Kermis Schendelbeke,Schendelbeke,9506,2026-10-02,2026-10-04
Jaarmarktkermis,Schepdaal,1703,2026-09-18,2026-09-21
Zomerkermis,Scherpenheuvel,3270,2026-07-24,2026-08-03
Torekenskermis,Schilde,2970,2026-10-10,2026-10-12
Kermis Schoonaarde,Schoonaarde,9308,2026-09-18,2026-09-21
Septemberkermis,Schoten,2900,2026-09-26,2026-09-29
Kermis Schriek,Schriek,2223,2026-09-13,2026-09-15
Kermis Schulen,Schulen,3540,2026-10-18,2026-10-19
Sint-Denijskermis,Serskamp,9260,2026-10-09,2026-10-11
Grote Kermis,Sijsele,8310,2026-09-25,2026-09-28
Kleine kermis,Sijsele,8310,2026-11-13,2026-11-16
Septemberkermis,Sint-Amands,2890,2026-09-12,2026-09-14
Dekenijfeesten Oude Bareel,Sint-Amandsberg,9040,2026-09-25,2026-09-29
Kermis Sint-Baafs-Vijve,Sint-Baafs-Vijve,8793,2026-10-10,2026-10-11
Kermis Sint-Denijs,Sint-Denijs,8554,2026-09-18,2026-09-20
Winterkermis,Sint-Denijs-Westrem,9051,2026-10-16,2026-11-02
Augustuskermis,Sint-Genesius-Rode,1652,2026-08-28,2026-08-31
Jaarmarktkermis,Sint-Genesius-Rode,1652,2026-09-25,2026-09-28
Bloemenstoetkermis,Sint-Gillis-bij-Dendermonde,9200,2026-09-05,2026-09-07
Septemberkermis,Sint-Gillis-Waas,9170,2026-09-05,2026-09-09
Kermis Sint-Huibrechts-Lille,Sint-Huibrechts-Lille,3910,2026-08-16,2026-08-18
Kermis Sint-Huibrechts-Lille,Sint-Huibrechts-Lille,3910,2026-11-08,2026-11-10
Winge Foor,Sint-Joris-Winge,3391,2026-09-26,2026-09-28
Kermis Sint-Jozef-Olen,Sint-Jozef-Olen,2250,2026-10-18,2026-10-25
Elzestraatkermis,Sint-Katelijne-Waver,2860,2026-08-29,2026-08-31
Centrumkermis,Sint-Katelijne-Waver,2861,2026-09-11,2026-09-14
Dijksteinkermis,Sint-Katelijne-Waver,2860,2026-10-10,2026-10-12
Septemberfoor,Sint-Kruis,8310,2026-09-19,2026-09-23
Herk Kermis,Sint-Lambrechts-Herk,3570,2026-08-13,2026-08-17
Sente Kermis,Sint-Laureins,9980,2026-09-26,2026-09-28
Kermis Sint-Lievens-Esse,Sint-Lievens-Esse,9550,2026-09-27,2026-09-28
Augustuskermis,Sint-Maria-Aalter,9880,2026-08-21,2026-08-24
Latem Kermis,Sint-Martens-Latem,9830,2026-08-21,2026-08-24
Plaza Sinterklaas,Sint-Niklaas,9100,2026-11-21,2026-11-29
Winterfoor,Sint-Niklaas,9100,2026-12-05,2026-12-22
Sinpals kermis,Sint-Pauwels,9111,2026-09-12,2026-09-16
Augustuskermis,Sint-Truiden,3803,2026-08-28,2026-09-07
Grote Kermis,Smetlede,9340,2026-08-29,2026-08-31
Sombeke Feest,Sombeke,9220,2026-08-14,2026-08-18
Fête à Soumagne-Bas,Soumagne,4630,2026-09-19,2026-09-22
Fête foraine à Soumagne-Haut,Soumagne-Haut,4633,2026-08-08,2026-08-11
Septemberkermis,Staden,8840,2026-09-05,2026-09-08
Kermis Stasegem,Stasegem,8530,2026-08-28,2026-08-31
Kermis Stekene,Stekene,9190,2026-09-18,2026-09-21
Kermis Sterrebeek,Sterrebeek,1933,2026-10-24,2026-10-26
Kermis Strombeek-Bever,Strombeek-Bever,1853,2026-09-19,2026-09-20
Vellekermis,Temse,9140,2026-08-08,2026-08-11
Winterkermis,Temse,9140,2026-11-21,2026-11-23
Kermis Teralfene,Teralfene,9470,2026-09-04,2026-09-07
Jaarmarktkermis,Ternat,1740,2026-10-16,2026-10-18
Winterkermis,Tervuren,3080,2026-10-24,2026-11-11
Oktoberkermis,Tessenderlo,3980,2026-10-24,2026-10-26
Berg Feest,Tessenderlo-Berg,3980,2026-08-14,2026-08-16
Kermis Tessenderlo-Hulst,Tessenderlo-Hulst,3945,2026-08-08,2026-08-10
Thimister en fête,Thimister,4890,2026-09-25,2026-09-29
Stationskermis,Tielt,8700,2026-08-09,2026-08-16
Septemberkermis,Tielt,8700,2026-09-26,2026-09-27
Augustuskermis,Tielt-Aarsele,8720,2026-08-01,2026-08-03
Berg Kermis,Tielt-Winge,3390,2026-08-13,2026-08-16
Septemberkermis,Tongeren,3700,2026-09-12,2026-09-17
Kermis Torhout,Torhout,8820,2026-08-15,2026-08-19
Augustuskermis,Tremelo,3120,2026-08-28,2026-09-01
Augustusfoor,Turnhout,2300,2026-08-07,2026-08-23
Septemberkermis,Uitbergen,9290,2026-09-12,2026-09-14
Kermis Val-Meer,Val-Meer,4690,2026-10-25,2026-10-26
Kermisweekend,Varsenare,8200,2026-09-25,2026-09-27
Dorpskermis,Veerle-Laakdal,2431,2026-09-06,2026-09-08
Corneliusfeesten,Veldegem,8020,2026-09-18,2026-09-20
Kermis Velm,Velm,3806,2026-10-11,2026-10-12
Grote Kermis,Verrebroek,9130,2026-08-29,2026-09-02
Kermis Vichte,Vichte,8540,2026-09-19,2026-09-22
Kermesse Vierset,Vierset-Barse,4577,2026-10-09,2026-10-12
Kermis Vinkt,Vinkt,9800,2026-08-28,2026-09-01
St. Lambertuskermis,Vlekkem,9520,2026-09-18,2026-09-21
Hoebelfeesten,Vlezenbeek,1602,2026-08-07,2026-08-16
Winterkermis,Vlezenbeek,1602,2026-10-24,2026-10-25
Kermis Vliermaal,Vliermaal,3724,2026-08-22,2026-08-24
Kermis Voorde,Voorde,9404,2026-08-22,2026-08-25
Kermis Voortkapel,Voortkapel,2260,2026-09-06,2026-09-08
Septemberkermis,Vorselaar,2290,2026-09-13,2026-09-16
Najaarskermis,Vorst-Laakdal,2430,2026-08-30,2026-08-31
Oktoberkermis,Vorst-Meerlaar,2430,2026-10-04,2026-10-05
Jaarmarktkermis,Vremde,2531,2026-08-08,2026-08-10
Grote Kermis,Vroenhoven,3770,2026-09-06,2026-09-07
Kermis Waanrode,Waanrode,3473,2026-08-29,2026-09-03
Grote Kermis,Waardamme,8020,2026-09-18,2026-09-20
Jaarmarktkermis,Wachtebeke,9185,2026-11-07,2026-11-09
Kermis Walem,Walem,2801,2026-09-19,2026-09-21
Koersefoor,Waregem,8790,2026-08-27,2026-09-02
Septemberkermis,Wechelderzande,2275,2026-09-06,2026-09-08
Kermis Weldwezelt,Weldwezelt,3620,2026-11-07,2026-11-09
Grote Kermis,Welle,9473,2026-10-03,2026-10-05
Jaarmarktkermis,Wemmel,1780,2026-08-15,2026-08-17
Rochuskermis,Werchter,3118,2026-08-21,2026-08-23
Kermis Werken,Werken,8610,2026-09-19,2026-09-27
Kermis Westmeerbeek,Westmeerbeek,2235,2026-10-04,2026-10-06
Jaarmarktkermis,Wetteren,9230,2026-09-05,2026-09-10
Kermis Wetteren-Massemen,Wetteren-Massemen,9230,2026-09-12,2026-09-14
Kermis Wetteren-Ten Ede,Wetteren-Ten Ede,9230,2026-09-26,2026-09-27
Septemberkermis,Wevelgem,8560,2026-09-18,2026-09-21
Septemberkermis,Wichelen,9290,2026-09-05,2026-09-08
Straatjeskermis,Wiekevorst,2270,2026-08-02,2026-08-04
Wielsbeekse Feesten,Wielsbeke,8710,2026-09-04,2026-09-06
Kermis Wijchmaal,Wijchmaal,3990,2026-08-02,2026-08-03
Kermis Wijer,Wijer,3512,2026-08-01,2026-08-03
Kermis Wijshagen,Wijshagen,3670,2026-09-19,2026-09-21
Augustuskermis,Willebroek,2830,2026-08-01,2026-08-05
Jaarmarktfoor,Willebroek,2830,2026-10-24,2026-10-28
Zomerfoor,Wilrijk,2610,2026-08-01,2026-08-11
Breugelfeesten,Wingene,8750,2026-09-04,2026-09-07
Winkelomheidekermis,Winkelomheide,2450,2026-10-18,2026-10-25
Kermis Winksele,Winksele,3020,2026-10-17,2026-10-18
Kermis Wippelgem,Wippelgem,9940,2026-08-14,2026-08-17
Ducasse de Wodecq,Wodecq (Wodeke),7890,2026-09-11,2026-09-14
Septemberkermis,Wommelgem,2160,2026-09-26,2026-09-29
Kermis Wommersom,Wommersom,3350,2026-10-03,2026-10-05
Augustuskermis,Woubrechtegem,9551,2026-08-22,2026-08-24
Novemberkermis,Woubrechtegem,9551,2026-11-15,2026-11-16
Woumenkermis,Woumen,8650,2026-09-26,2026-09-27
Dorpkermis,Wuustwezel,2990,2026-08-16,2026-08-17
Kruiswegkermis,Wuustwezel-Kruisweg,2990,2026-08-23,2026-08-24
Grote Kermis,Zaffelare,9080,2026-08-15,2026-08-17
Kermis Zandhoven,Zandhoven,2240,2026-10-25,2026-10-26
Kermis Zarlardinge,Zarlardinge,9500,2026-09-11,2026-09-13
Kermis Zarren,Zarren,8610,2026-10-03,2026-10-11
Feest in de Vilvoordelaan,Zaventem,1930,2026-09-19,2026-09-21
Batjeskermis,Zedelgem,8210,2026-08-14,2026-08-16
Dorpskermis,Zeebrugge,8380,2026-08-29,2026-09-02
Oktoberkermis,Zele,9240,2026-10-03,2026-10-10
Kermis Zelem,Zelem,3290,2026-09-19,2026-09-21
Jaarmarktkermis,Zellik,1702,2026-10-10,2026-10-12
Kattekermis,Zelzate,9060,2026-07-31,2026-08-04
Augustuskermis,Zelzate,9060,2026-08-07,2026-08-17
Wittouckkermis,Zelzate-Wittouck,9060,2026-08-21,2026-08-23
Septemberkermis,Zepperen,3800,2026-09-20,2026-09-21
Winterkermis,Zeveneken,9160,2026-11-21,2026-11-23
Oogstkermis,Zevergem,9840,2026-08-14,2026-08-16
Grote Kermis,Zevergem,9840,2026-10-02,2026-10-05
Grote Kermis,Zichen,3770,2026-10-11,2026-10-12
Fête de Simpélourd,Zinnik (Soignies),7062,2026-10-17,2026-10-20
Sint-Antoniuskermis,Zoersel,2970,2026-08-29,2026-08-31
Winterkermis,Zomergem,9930,2026-11-11,2026-11-15
Dorpskermis,Zonhoven,3520,2026-08-29,2026-08-31
Zonnebeke Feest,Zonnebeke,8980,2026-09-05,2026-09-06
Augustuskermis,Zottegem,9620,2026-08-15,2026-08-18
Kapelkermis,Zoutleeuw,3440,2026-09-19,2026-09-21
Firtelkermis,Zulte,9870,2026-10-03,2026-10-06
Zussenkermis,Zussen,3770,2026-08-30,2026-09-02
Septemberkermis,Zwevegem,8550,2026-09-11,2026-09-13
Jaarmarktkermis,Zwijndrecht,2070,2026-10-03,2026-10-05
